Filiere,score_risque_moy,etudiants_en_difficulte,effectif_total,moyenne_filiere,taux_difficulte
EEM,0.5530965653564278,1859,3360,10.189345238095237,55.327380952380956
EED,0.5504325353017387,2585,4698,10.16841209025117,55.02341421881651
EEP,0.5334437133855704,1912,3590,10.222451253481895,53.259052924791085
EEA,0.5195342002104153,2596,5005,10.237402597402596,51.868131868131876
EEE,0.510545473198656,2178,4264,10.372889305816136,51.07879924953096
EEC,0.4842243553056975,2647,5463,10.842760388065166,48.453230825553725
EET,0.45897811730928695,2310,5034,11.064481525625744,45.88796185935637
